id;street_address;postal_code;city;district;state_province
1;Industrial;connect Markets Chief;Monaside;Awesome;Aruba
2;software scale interactive;Louisiana Specialist Home Loan Account;North Elenor;Car Industrial deliverables;orange Books
3;magenta monitor 1080p;Unbranded Plastic Tuna Frozen;Stantonstad;archive Fantastic Plastic Chicken;payment
4;withdrawal COM;embrace Developer;Rowechester;Robust Networked;Poland
5;Small partnerships;Outdoors;Jarrellburgh;Buckinghamshire Corporate;Investment Account
6;override User-centric;Money Market Account;Carolinehaven;Auto Loan Account modular Refined;digital maroon
7;EXE projection Fresh;support Gorgeous;New Herthatown;cutting-edge ability Hat;supply-chains magenta
8;encompassing;Directives;East Joshuah;Kenyan Shilling robust;Versatile Exclusive Moroccan Dirham
9;capability zero tolerance Computers;Analyst paradigms;East Ewellside;Public-key Granite;Way Dominican Republic
10;Bulgarian Lev navigate;Re-contextualized;Hilllview;Orchestrator deliver;Licensed hacking installation
